Postcode,Locality
3000,MELBOURNE
3001,MELBOURNE
3002,EAST MELBOURNE
3003,WEST MELBOURNE
3004,MELBOURNE
3004,ST KILDA ROAD CENTRAL
3004,ST KILDA ROAD MELBOURNE
3005,WORLD TRADE CENTRE
3006,SOUTH WHARF
3006,SOUTHBANK
3008,DOCKLANDS
3010,UNIVERSITY OF MELBOURNE
3011,FOOTSCRAY
3011,SEDDON
3011,SEDDON WEST
3012,BROOKLYN
3012,KINGSVILLE
3012,KINGSVILLE WEST
3012,MAIDSTONE
3012,TOTTENHAM
3012,WEST FOOTSCRAY
3013,YARRAVILLE
3013,YARRAVILLE WEST
3015,NEWPORT
3015,SOUTH KINGSVILLE
3015,SPOTSWOOD
3016,WILLIAMSTOWN
3016,WILLIAMSTOWN NORTH
3018,ALTONA
3018,SEAHOLME
3019,BRAYBROOK
3019,BRAYBROOK NORTH
3019,ROBINSON
3020,ALBION
3020,GLENGALA
3020,SUNSHINE
3020,SUNSHINE NORTH
3020,SUNSHINE WEST
3021,ALBANVALE
3021,KEALBA
3021,KINGS PARK
3021,ST ALBANS
3022,ARDEER
3022,DEER PARK EAST
3023,BURNSIDE
3023,BURNSIDE HEIGHTS
3023,CAIRNLEA
3023,CAROLINE SPRINGS
3023,DEER PARK
3023,DEER PARK NORTH
3023,RAVENHALL
3024,FIELDSTONE
3024,MAMBOURIN
3024,MANOR LAKES
3024,MOUNT COTTRELL
3024,WYNDHAM VALE
3025,ALTONA EAST
3025,ALTONA GATE
3025,ALTONA NORTH
3026,DERRIMUT
3026,LAVERTON NORTH
3027,LAVERTON RAAF
3027,WILLIAMS LANDING
3027,WILLIAMS RAAF
3028,ALTONA MEADOWS
3028,LAVERTON
3028,SEABROOK
3029,HOPPERS CROSSING
3029,TARNEIT
3029,TRUGANINA
3030,CHARTWELL
3030,COCOROC
3030,POINT COOK
3030,QUANDONG
3030,WERRIBEE
3030,WERRIBEE SOUTH
3031,FLEMINGTON
3031,KENSINGTON
3032,ASCOT VALE
3032,HIGHPOINT CITY
3032,MARIBYRNONG
3032,TRAVANCORE
3033,KEILOR EAST
3034,AVONDALE HEIGHTS
3036,KEILOR
3036,KEILOR NORTH
3037,CALDER PARK
3037,DELAHEY
3037,HILLSIDE
3037,PLUMPTON
3037,SYDENHAM
3037,TAYLORS HILL
3038,KEILOR DOWNS
3038,KEILOR LODGE
3038,TAYLORS LAKES
3038,WATERGARDENS
3039,MOONEE PONDS
3040,ABERFELDIE
3040,ESSENDON
3040,ESSENDON WEST
3041,CROSS KEYS
3041,ESSENDON FIELDS
3041,ESSENDON NORTH
3041,STRATHMORE
3041,STRATHMORE HEIGHTS
3042,AIRPORT WEST
3042,KEILOR PARK
3042,NIDDRIE
3042,NIDDRIE NORTH
3043,GLADSTONE PARK
3043,GOWANBRAE
3043,TULLAMARINE
3044,PASCOE VALE
3044,PASCOE VALE SOUTH
3045,MELBOURNE AIRPORT
3046,GLENROY
3046,HADFIELD
3046,OAK PARK
3047,BROADMEADOWS
3047,DALLAS
3047,JACANA
3048,COOLAROO
3048,MEADOW HEIGHTS
3049,ATTWOOD
3049,WESTMEADOWS
3050,ROYAL MELBOURNE HOSPITAL
3051,HOTHAM HILL
3051,NORTH MELBOURNE
3052,MELBOURNE UNIVERSITY
3052,PARKVILLE
3053,CARLTON
3053,CARLTON SOUTH
3054,CARLTON NORTH
3054,PRINCES HILL
3055,BRUNSWICK SOUTH
3055,BRUNSWICK WEST
3055,MOONEE VALE
3055,MORELAND WEST
3056,BRUNSWICK
3056,BRUNSWICK LOWER
3056,BRUNSWICK NORTH
3057,BRUNSWICK EAST
3057,LYGON STREET NORTH
3057,SUMNER
3058,BATMAN
3058,COBURG
3058,COBURG NORTH
3058,MERLYNSTON
3058,MORELAND
3059,GREENVALE
3060,FAWKNER
3060,FAWKNER EAST
3060,FAWKNER NORTH
3061,CAMPBELLFIELD
3062,SOMERTON
3063,OAKLANDS JUNCTION
3063,YUROKE
3064,CRAIGIEBURN
3064,DONNYBROOK
3064,KALKALLO
3064,MICKLEHAM
3064,ROXBURGH PARK
3065,FITZROY
3066,COLLINGWOOD
3066,COLLINGWOOD NORTH
3067,ABBOTSFORD
3068,CLIFTON HILL
3068,FITZROY NORTH
3070,NORTHCOTE
3070,NORTHCOTE SOUTH
3071,THORNBURY
3072,GILBERTON
3072,NORTHLAND CENTRE
3072,PRESTON
3072,PRESTON LOWER
3072,PRESTON SOUTH
3072,PRESTON WEST
3072,REGENT WEST
3072,SYLVESTER
3073,KEON PARK
3073,RESERVOIR
3073,RESERVOIR EAST
3073,RESERVOIR NORTH
3073,RESERVOIR SOUTH
3074,THOMASTOWN
3075,LALOR
3075,LALOR PLAZA
3076,EPPING
3076,EPPING DC
3078,ALPHINGTON
3078,FAIRFIELD
3079,IVANHOE
3079,IVANHOE EAST
3079,IVANHOE NORTH
3081,BELLFIELD
3081,HEIDELBERG HEIGHTS
3081,HEIDELBERG RGH
3081,HEIDELBERG WEST
3082,MILL PARK
3083,BUNDOORA
3083,KINGSBURY
3083,LA TROBE UNIVERSITY
3084,BANYULE
3084,EAGLEMONT
3084,HEIDELBERG
3084,ROSANNA
3084,VIEWBANK
3085,MACLEOD
3085,MACLEOD WEST
3085,YALLAMBIE
3086,LA TROBE UNIVERSITY
3087,WATSONIA
3087,WATSONIA NORTH
3088,BRIAR HILL
3088,GREENSBOROUGH
3088,SAINT HELENA
3088,ST HELENA
3089,DIAMOND CREEK
3090,PLENTY
3091,YARRAMBAT
3093,LOWER PLENTY
3094,MONTMORENCY
3095,ELTHAM
3095,ELTHAM NORTH
3095,RESEARCH
3096,WATTLE GLEN
3097,BEND OF ISLANDS
3097,KANGAROO GROUND
3097,WATSONS CREEK
3099,ARTHURS CREEK
3099,COTTLES BRIDGE
3099,HURSTBRIDGE
3099,NUTFIELD
3099,STRATHEWEN
3101,COTHAM
3101,KEW
3102,KEW EAST
3103,BALWYN
3103,BALWYN EAST
3103,DEEPDENE
3103,DEEPDENE DC
3103,STRADBROKE PARK
3104,BALWYN NORTH
3104,GREYTHORN
3105,BULLEEN
3105,BULLEEN SOUTH
3106,TEMPLESTOWE
3107,TEMPLESTOWE LOWER
3108,DONCASTER
3109,DONCASTER EAST
3109,DONCASTER HEIGHTS
3109,THE PINES
3109,TUNSTALL SQUARE PO
3111,DONVALE
3113,NORTH WARRANDYTE
3113,WARRANDYTE
3114,PARK ORCHARDS
3115,WONGA PARK
3116,CHIRNSIDE PARK
3121,BURNLEY
3121,BURNLEY NORTH
3121,CREMORNE
3121,RICHMOND
3121,RICHMOND EAST
3121,RICHMOND NORTH
3121,RICHMOND SOUTH
3121,VICTORIA GARDENS
3122,AUBURN SOUTH
3122,GLENFERRIE SOUTH
3122,HAWTHORN
3122,HAWTHORN NORTH
3122,HAWTHORN WEST
3123,AUBURN
3123,HAWTHORN EAST
3124,CAMBERWELL
3124,CAMBERWELL NORTH
3124,CAMBERWELL SOUTH
3124,CAMBERWELL WEST
3124,HARTWELL
3124,MIDDLE CAMBERWELL
3125,BENNETTSWOOD
3125,BURWOOD
3125,SURREY HILLS SOUTH
3126,CAMBERWELL EAST
3126,CANTERBURY
3127,MONT ALBERT
3127,SURREY HILLS
3127,SURREY HILLS NORTH
3128,BOX HILL
3128,BOX HILL CENTRAL
3128,BOX HILL SOUTH
3128,HOUSTON
3128,WATTLE PARK
3129,BOX HILL NORTH
3129,KERRIMUIR
3129,MONT ALBERT NORTH
3130,BLACKBURN
3130,BLACKBURN NORTH
3130,BLACKBURN SOUTH
3130,LABURNUM
3131,BRENTFORD SQUARE
3131,FOREST HILL
3131,NUNAWADING
3132,MITCHAM
3132,MITCHAM NORTH
3132,RANGEVIEW
3133,VERMONT
3133,VERMONT SOUTH
3134,HEATHWOOD
3134,RINGWOOD
3134,RINGWOOD NORTH
3134,WARRANDYTE SOUTH
3134,WARRANWOOD
3135,BEDFORD ROAD
3135,HEATHMONT
3135,RINGWOOD EAST
3136,CROYDON
3136,CROYDON HILLS
3136,CROYDON NORTH
3136,CROYDON SOUTH
3137,KILSYTH
3137,KILSYTH SOUTH
3138,MOOROOLBARK
3139,BEENAK
3139,DON VALLEY
3139,HODDLES CREEK
3139,LAUNCHING PLACE
3139,SEVILLE
3139,SEVILLE EAST
3139,WANDIN EAST
3139,WANDIN NORTH
3139,WOORI YALLOCK
3139,YELLINGBO
3140,LILYDALE
3141,CHAPEL STREET NORTH
3141,DOMAIN ROAD PO
3141,SOUTH YARRA
3142,HAWKSBURN
3142,TOORAK
3143,ARMADALE
3143,ARMADALE NORTH
3144,KOOYONG
3144,MALVERN
3144,MALVERN NORTH
3145,CAULFIELD EAST
3145,CENTRAL PARK
3145,DARLING
3145,DARLING SOUTH
3145,MALVERN EAST
3145,WATTLETREE ROAD PO
3146,GLEN IRIS
3146,TOORONGA
3147,ASHBURTON
3147,ASHWOOD
3148,CHADSTONE
3148,CHADSTONE CENTRE
3148,HOLMESGLEN
3148,JORDANVILLE
3149,MOUNT WAVERLEY
3149,PINEWOOD
3149,SYNDAL
3150,BRANDON PARK
3150,GLEN WAVERLEY
3150,WHEELERS HILL
3151,BURWOOD EAST
3151,BURWOOD HEIGHTS
3152,KNOX CITY CENTRE
3152,STUDFIELD
3152,WANTIRNA
3152,WANTIRNA SOUTH
3153,BAYSWATER
3153,BAYSWATER NORTH
3154,THE BASIN
3155,BORONIA
3156,FERNTREE GULLY
3156,LYSTERFIELD
3156,LYSTERFIELD SOUTH
3156,MOUNTAIN GATE
3156,UPPER FERNTREE GULLY
3158,UPWEY
3159,MENZIES CREEK
3159,SELBY
3160,BELGRAVE
3160,BELGRAVE HEIGHTS
3160,BELGRAVE SOUTH
3160,TECOMA
3161,CAULFIELD JUNCTION
3161,CAULFIELD NORTH
3162,CAULFIELD
3162,CAULFIELD SOUTH
3162,HOPETOUN GARDENS
3163,BOORAN ROAD PO
3163,CARNEGIE
3163,GLEN HUNTLY
3163,MURRUMBEENA
3164,DANDENONG SOUTH
3165,BENTLEIGH EAST
3165,COATESVILLE
3166,HUGHESDALE
3166,HUNTINGDALE
3166,OAKLEIGH
3166,OAKLEIGH EAST
3167,OAKLEIGH SOUTH
3168,CLAYTON
3168,NOTTING HILL
3169,CLARINDA
3169,CLAYTON SOUTH
3170,MULGRAVE
3170,WAVERLEY GARDENS
3171,SANDOWN VILLAGE
3171,SPRINGVALE
3172,DINGLEY VILLAGE
3172,SPRINGVALE SOUTH
3173,KEYSBOROUGH
3174,NOBLE PARK
3174,NOBLE PARK EAST
3174,NOBLE PARK NORTH
3175,BANGHOLME
3175,DANDENONG
3175,DANDENONG EAST
3175,DANDENONG NORTH
3175,DANDENONG SOUTH
3175,DUNEARN
3176,SCORESBY BC
3177,DOVETON
3177,EUMEMMERRING
3178,ROWVILLE
3179,SCORESBY
3180,KNOXFIELD
3181,PRAHRAN
3181,PRAHRAN EAST
3181,WINDSOR
3182,ST KILDA
3182,ST KILDA SOUTH
3182,ST KILDA WEST
3183,BALACLAVA
3183,ST KILDA EAST
3184,BRIGHTON ROAD
3184,ELWOOD
3185,ELSTERNWICK
3185,GARDENVALE
3185,RIPPONLEA
3186,BRIGHTON
3186,BRIGHTON NORTH
3186,DENDY
3186,WERE STREET PO
3187,BRIGHTON EAST
3187,NORTH ROAD
3188,HAMPTON
3188,HAMPTON EAST
3188,HAMPTON NORTH
3189,MOORABBIN
3189,MOORABBIN EAST
3189,WISHART
3190,HIGHETT
3191,SANDRINGHAM
3192,CHELTENHAM
3192,CHELTENHAM EAST
3192,CHELTENHAM NORTH
3192,SOUTHLAND CENTRE
3193,BEAUMARIS
3193,BLACK ROCK
3193,BLACK ROCK NORTH
3193,CROMER
3194,MENTONE
3194,MENTONE EAST
3194,MOORABBIN AIRPORT
3195,ASPENDALE
3195,ASPENDALE GARDENS
3195,BRAESIDE
3195,MORDIALLOC
3195,MORDIALLOC NORTH
3195,PARKDALE
3195,WATERWAYS
3196,BONBEACH
3196,CHELSEA
3196,CHELSEA HEIGHTS
3196,EDITHVALE
3197,CARRUM
3197,PATTERSON LAKES
3198,BELVEDERE PARK
3198,SEAFORD
3199,FRANKSTON
3199,FRANKSTON EAST
3199,FRANKSTON HEIGHTS
3199,FRANKSTON SOUTH
3199,KARINGAL
3199,KARINGAL CENTRE
3200,FRANKSTON NORTH
3200,PINES FOREST
3201,CARRUM DOWNS
3202,HEATHERTON
3204,BENTLEIGH
3204,MCKINNON
3204,ORMOND
3204,PATTERSON
3205,SOUTH MELBOURNE
3205,SOUTH MELBOURNE DC
3206,ALBERT PARK
3206,MIDDLE PARK
3207,GARDEN CITY
3207,PORT MELBOURNE
3211,LITTLE RIVER
3212,AVALON
3212,LARA
3212,POINT WILSON
3213,ANAKIE
3213,BATESFORD
3213,LOVELY BANKS
3213,MOORABOOL
3214,CORIO
3214,NORLANE
3214,NORTH SHORE
3215,BELL PARK
3215,BELL POST HILL
3215,DRUMCONDRA
3215,GEELONG NORTH
3215,HAMLYN HEIGHTS
3215,NORTH GEELONG
3215,RIPPLESIDE
3216,BELMONT
3216,FRESHWATER CREEK
3216,GROVEDALE
3216,GROVEDALE EAST
3216,HIGHTON
3216,MARSHALL
3216,MOUNT DUNEED
3216,WANDANA HEIGHTS
3216,WAURN PONDS
3217,ARMSTRONG CREEK
3217,CHARLEMONT
3217,DEAKIN UNIVERSITY
3217,FRESHWATER CREEK
3217,MOUNT DUNEED
3218,FYANSFORD
3218,GEELONG WEST
3218,HERNE HILL
3218,MANIFOLD HEIGHTS
3218,MURGHEBOLUC
3218,STONEHAVEN
3219,BREAKWATER
3219,EAST GEELONG
3219,NEWCOMB
3219,ST ALBANS PARK
3219,THOMSON
3219,WHITTINGTON
3220,BAREENA
3220,GEELONG
3220,NEWTOWN
3220,SOUTH GEELONG
3221,ANAKIE
3221,BARRABOOL
3221,BATESFORD
3221,BELLARINE
3221,CERES
3221,FYANSFORD
3221,GEELONG MC
3221,GNARWARRE
3221,GREY RIVER
3221,KENNETT RIVER
3221,LOVELY BANKS
3221,MOOLAP
3221,MOORABOOL
3221,MURGHEBOLUC
3221,SEPARATION CREEK
3221,STAUGHTON VALE
3221,STONEHAVEN
3221,SUGARLOAF
3221,WALLINGTON
3221,WONGARRA
3221,WYE RIVER
3222,CLIFTON SPRINGS
3222,CURLEWIS
3222,DRYSDALE
3222,MANNERIM
3222,MARCUS HILL
3222,WALLINGTON
3223,BELLARINE
3223,INDENTED HEAD
3223,PORTARLINGTON
3223,ST LEONARDS
3224,LEOPOLD
3224,MOOLAP
3225,POINT LONSDALE
3225,QUEENSCLIFF
3225,SWAN BAY
3225,SWAN ISLAND
3226,OCEAN GROVE
3227,BARWON HEADS
3227,BREAMLEA
3227,CONNEWARRE
3228,BELLBRAE
3228,BELLS BEACH
3228,JAN JUC
3228,TORQUAY
3230,ANGLESEA
3231,AIREYS INLET
3231,BIG HILL
3231,EASTERN VIEW
3231,FAIRHAVEN
3231,MOGGS CREEK
3232,BIG HILL
3232,LORNE
3233,APOLLO BAY
3233,CAPE OTWAY
3233,MARENGO
3233,PETTICOAT CREEK
3233,SKENES CREEK
3233,SKENES CREEK NORTH
3234,GREY RIVER
3234,KENNETT RIVER
3234,SEPARATION CREEK
3234,SUGARLOAF
3234,WONGARRA
3234,WYE RIVER
3235,BENWERRIN
3235,BOONAH
3235,DEANS MARSH
3235,PENNYROYAL
3236,FORREST
3236,MOUNT SABINE
3237,AIRE VALLEY
3237,BEECH FOREST
3237,FERGUSON
3237,GELLIBRAND LOWER
3237,WATTLE HILL
3237,WEEAPROINAH
3237,WYELANGTA
3237,YUULONG
3238,GLENAIRE
3238,HORDERN VALE
3238,JOHANNA
3238,LAVERS HILL
3239,CARLISLE RIVER
3239,CHAPPLE VALE
3239,GELLIBRAND
3239,KENNEDYS CREEK
3240,BUCKLEY
3240,GHERANG
3240,MODEWARRE
3240,MORIAC
3240,MOUNT MORIAC
3240,PARAPARAP
3241,BAMBRA
3241,OMBERSLEY
3241,WENSLEYDALE
3241,WINCHELSEA
3241,WINCHELSEA SOUTH
3241,WURDIBOLUC
3242,BIRREGURRA
3243,BARWON DOWNS
3243,GERANGAMETE
3243,MURROON
3243,WARNCOORT
3243,WHOOREL
3249,ALVIE
3249,BALINTORE
3249,BARONGAROOK
3249,BARONGAROOK WEST
3249,BARRAMUNGA
3249,CORAGULAC
3249,CORUNNUN
3249,DREEITE
3249,DREEITE SOUTH
3249,GERANGAMETE
3249,IRREWARRA
3249,IRREWILLIPE
3249,IRREWILLIPE EAST
3249,KAWARREN
3249,LARPENT
3249,NALANGIL
3249,ONDIT
3249,PIRRON YALLOCK
3249,POMBORNEIT EAST
3249,SWAN MARSH
3249,TANYBRYN
3249,WARRION
3249,WOOL WOOL
3249,YEO
3249,YEODENE
3250,COLAC
3250,COLAC EAST
3250,COLAC WEST
3250,ELLIMINYT
3251,BEEAC
3251,CUNDARE
3251,CUNDARE NORTH
3251,EURACK
3251,WEERING
3254,COROROOKE
3260,BOOKAAR
3260,BOSTOCKS CREEK
3260,BUNGADOR
3260,CAMPERDOWN
3260,CARPENDEIT
3260,CHOCOLYN
3260,GNOTUK
3260,KARIAH
3260,KOALLAH
3260,LESLIE MANOR
3260,POMBORNEIT
3260,POMBORNEIT NORTH
3260,SKIBO
3260,SOUTH PURRUMBETE
3260,STONYFORD
3260,TANDAROOK
3260,TESBURY
3260,WEERITE
3264,TERANG
3265,BOORCAN
3265,CUDGEE
3265,DIXIE
3265,ECKLIN SOUTH
3265,ELLERSLIE
3265,FRAMLINGHAM
3265,FRAMLINGHAM EAST
3265,GARVOC
3265,GLENORMISTON
3265,GLENORMISTON NORTH
3265,GLENORMISTON SOUTH
3265,KOLORA
3265,LAANG
3265,NOORAT
3265,NOORAT EAST
3265,PANMURE
3265,TAROON
3265,THE SISTERS
3266,BULLAHARRE
3266,COBDEN
3266,COBRICO
3266,ELINGAMITE
3266,ELINGAMITE NORTH
3266,GLENFYNE
3266,JANCOURT
3266,JANCOURT EAST
3266,NAROGHID
3266,SIMPSON
3267,SCOTTS CREEK
3268,AYRFORD
3268,BRUCKNELL
3268,COORIEMUNGLE
3268,COWLEYS CREEK
3268,CURDIE VALE
3268,CURDIES RIVER
3268,CURDIEVALE
3268,HEYTESBURY LOWER
3268,NEWFIELD
3268,NIRRANDA
3268,NIRRANDA EAST
3268,NIRRANDA SOUTH
3268,NULLAWARRE
3268,NULLAWARRE EAST
3268,NULLAWARRE NORTH
3268,PAARATTE
3268,THE COVE
3268,TIMBOON
3268,TIMBOON WEST
3269,PORT CAMPBELL
3269,PRINCETOWN
3269,WAARRE
3270,PETERBOROUGH
3271,DARLINGTON
3271,DUNDONNELL
3271,PURA PURA
3272,MORTLAKE
3272,WOORNDOO
3273,HEXHAM
3274,CARAMUT
3275,MAILER FLAT
3275,MAILORS FLAT
3276,MINJAH
3276,WOOLSTHORPE
3277,ALLANSFORD
3277,MEPUNGA
3277,MEPUNGA EAST
3277,MEPUNGA WEST
3277,NARINGAL
3277,NARINGAL EAST
3278,PURNIM
3278,PURNIM WEST
3279,BALLANGEICH
3279,WANGOOM
3280,DENNINGTON
3280,MINJAH
3280,WARRNAMBOOL
3280,WARRNAMBOOL EAST
3280,WARRNAMBOOL WEST
3281,BUSHFIELD
3281,GRASSMERE
3281,WINSLOW
3281,WOODFORD
3282,ILLOWA
3282,KOROIT
3283,CROSSLEY
3283,KILLARNEY
3283,KIRKSTALL
3283,SOUTHERN CROSS
3283,TARRONE
3283,TOWER HILL
3283,WARRONG
3283,WILLATOOK
3283,YANGERY
3283,YARPTURK
3284,ORFORD
3284,PORT FAIRY
3285,CODRINGTON
3285,NARRAWONG
3285,ROSEBROOK
3285,ST HELENS
3285,TOOLONG
3285,TYRENDARRA
3285,TYRENDARRA EAST
3285,YAMBUK
3286,CONDAH SWAMP
3286,KNEBSWORTH
3286,MACARTHUR
3286,RIPPONHURST
3286,WARRABKOOK
3287,HAWKESDALE
3287,MINHAMITE
3289,GAZETTE
3289,GERRIGERRUP
3289,PENSHURST
3289,PURDEET
3289,TABOR
3292,NELSON
3293,GLENTHOMPSON
3293,NAREEB
3293,NARRAPUMELAP SOUTH
3294,DUNKELD
3294,KARABEAL
3294,MIRRANATWA
3294,MOUTAJUP
3294,VICTORIA POINT
3294,VICTORIA VALLEY
3294,WOODHOUSE
3300,BYADUK NORTH
3300,HAMILTON
3301,BOCHARA
3301,BROADWATER
3301,BUCKLEY SWAMP
3301,BYADUK
3301,CROXTON EAST
3301,HENSLEY PARK
3301,MORGIANA
3301,MOUNT NAPIER
3301,STRATHKELLAR
3301,TAHARA
3301,TARRINGTON
3301,WANNON
3301,WARRAYURE
3301,YATCHAW
3301,YULECART
3302,BRANXHOLME
3302,GRASSDALE
3303,BREAKAWAY CREEK
3303,CONDAH
3303,CONDAH SWAMP
3303,HOTSPUR
3303,LAKE CONDAH
3303,WALLACEDALE
3304,BESSIEBELLE
3304,DARTMOOR
3304,DRIK DRIK
3304,DRUMBORG
3304,GREENWALD
3304,HEYWOOD
3304,HOMERTON
3304,LYONS
3304,MILLTOWN
3304,MUMBANNAR
3304,MYAMYN
3304,WINNAP
3305,ALLESTREE
3305,BOLWARRA
3305,CAPE BRIDGEWATER
3305,CASHMORE
3305,DUTTON WAY
3305,GORAE
3305,GORAE WEST
3305,HEATHMERE
3305,MOUNT RICHMOND
3305,PORTLAND
3305,PORTLAND NORTH
3305,PORTLAND WEST
3309,DIGBY
3310,MERINO
3310,TAHARA WEST
3311,CASTERTON
3311,CORNDALE
3311,HEATH FIELD
3311,PURALKA
3312,BAHGALLAH
3312,BRIMBOAL
3312,CARAPOOK
3312,CHETWYND
3312,DERGHOLM
3312,DORODONG
3312,DUNROBIN
3312,HENTY
3312,KILLARA
3312,LAKE MUNDI
3312,LINDSAY
3312,MUNTHAM
3312,NANGEELA
3312,POOLAIJELO
3312,POWERS CREEK
3312,SANDFORD
3312,STRATHDOWNIE
3312,WANDO BRIDGE
3312,WANDO VALE
3312,WARROCK
3314,BULART
3314,CAVENDISH
3314,GLENISLA
3314,GRAMPIANS
3314,MOORALLA
3314,WOOHLPOOER
3315,BRIT BRIT
3315,CLOVER FLAT
3315,COLERAINE
3315,COOJAR
3315,CULLA
3315,GRINGEGALGONA
3315,GRITJURK
3315,HILGAY
3315,KONONGWOOTONG
3315,MELVILLE FOREST
3315,MUNTHAM
3315,NAREEN
3315,PARKWOOD
3315,PASCHENDALE
3315,TAHARA BRIDGE
3315,TARRAYOUKYAN
3315,TARRENLEA
3315,WOOTONG VALE
3317,HARROW
3318,CHARAM
3318,CONNEWIRRICOO
3318,EDENHOPE
3318,JALLAKIN
3318,KADNOOK
3318,LANGKOOP
3318,MEEREEK
3318,PATYAH
3318,ULLSWATER
3319,APSLEY
3319,BENAYEO
3319,BRINGALBERT
3321,HESSE
3321,INVERLEIGH
3321,WINGEEL
3322,CRESSY
3323,BERRYBANK
3323,DUVERNEY
3323,FOXHOW
3324,LISMORE
3324,MINGAY
3324,MOUNT BUTE
3325,DERRINALLUM
3325,LARRALEA
3325,VITE VITE
3325,VITE VITE NORTH
3328,TEESDALE
3329,BARUNAH PARK
3329,BARUNAH PLAINS
3329,SHELFORD
3330,ROKEWOOD
3331,BANNOCKBURN
3331,GHERINGHAP
3331,MAUDE
3331,RUSSELLS BRIDGE
3331,SHE OAKS
3331,STEIGLITZ
3331,SUTHERLANDS CREEK
3332,LETHBRIDGE
3333,BAMGANIE
3333,MEREDITH
3334,BUNGAL
3334,CARGERIE
3334,ELAINE
3334,MORRISONS
3334,MOUNT DORAN
3335,BONNIE BROOK
3335,GRANGEFIELDS
3335,PLUMPTON
3335,ROCKBANK
3335,THORNHILL PARK
3336,AINTREE
3336,DEANSIDE
3336,FRASER RISE
3337,HARKNESS
3337,KURUNJANG
3337,MELTON
3337,MELTON WEST
3337,TOOLERN VALE
3338,BROOKFIELD
3338,COBBLEBANK
3338,EXFORD
3338,EYNESBURY
3338,MELTON SOUTH
3338,STRATHTULLOH
3338,WEIR VIEWS
3340,BACCHUS MARSH
3340,BALLIANG
3340,BALLIANG EAST
3340,COIMADAI
3340,DARLEY
3340,GLENMORE
3340,HOPETOUN PARK
3340,LONG FOREST
3340,MADDINGLEY
3340,MERRIMU
3340,PARWAN
3340,ROWSLEY
3340,STAUGHTON VALE
3341,DALES CREEK
3341,GREENDALE
3341,KOROBEIT
3341,MYRNIONG
3341,PENTLAND HILLS
3342,BALLAN
3342,BEREMBOKE
3342,BLAKEVILLE
3342,BUNDING
3342,COLBROOK
3342,DURDIDWARRAH
3342,FISKVILLE
3342,INGLISTON
3342,MOUNT WALLACE
3345,GORDON
3350,ALFREDTON
3350,BAKERY HILL
3350,BALLARAT
3350,BALLARAT CENTRAL
3350,BALLARAT EAST
3350,BALLARAT NORTH
3350,BALLARAT WEST
3350,BLACK HILL
3350,BROWN HILL
3350,CANADIAN
3350,EUREKA
3350,GOLDEN POINT
3350,INVERMAY PARK
3350,LAKE WENDOUREE
3350,LUCAS
3350,MOUNT CLEAR
3350,MOUNT HELEN
3350,MOUNT PLEASANT
3350,NERRINA
3350,NEWINGTON
3350,REDAN
3350,SOLDIERS HILL
3350,SOVEREIGN HILL
3351,BERRINGA
3351,BO PEEP
3351,CAPE CLEAR
3351,CARNGHAM
3351,CHEPSTOWE
3351,HADDON
3351,HAPPY VALLEY
3351,HILLCREST
3351,ILLABAROOK
3351,LAKE BOLAC
3351,MININERA
3351,MORTCHUP
3351,MOUNT EMU
3351,NERRIN NERRIN
3351,NEWTOWN
3351,NINTINGBOOL
3351,PIGGOREET
3351,PITFIELD
3351,ROKEWOOD JUNCTION
3351,ROSS CREEK
3351,SCARSDALE
3351,SMYTHES CREEK
3351,SMYTHESDALE
3351,SNAKE VALLEY
3351,SPRINGDALLAH
3351,STAFFORDSHIRE REEF
3351,STREATHAM
3351,WALLINDUC
3351,WESTMERE
3352,ADDINGTON
3352,BALLARAT ROADSIDE DELIVERY
3352,BARKSTEAD
3352,BLOWHARD
3352,BOLWARRAH
3352,BONSHAW
3352,BREWSTER
3352,BULLAROOK
3352,BUNGAREE
3352,BUNKERS HILL
3352,BURRUMBEET
3352,CAMBRIAN HILL
3352,CARDIGAN
3352,CARDIGAN VILLAGE
3352,CHAPEL FLAT
3352,CLARENDON
3352,CLARETOWN
3352,CLARKES HILL
3352,CORINDHAP
3352,DEAN
3352,DEREEL
3352,DUNNSTOWN
3352,DURHAM LEAD
3352,ENFIELD
3352,ERCILDOUNE
3352,GARIBALDI
3352,GLEN PARK
3352,GLENBRAE
3352,GONG GONG
3352,GRENVILLE
3352,INVERMAY
3352,LAL LAL
3352,LAMPLOUGH
3352,LANGI KAL KAL
3352,LEARMONTH
3352,LEIGH CREEK
3352,LEXTON
3352,MAGPIE
3352,MILLBROOK
3352,MINERS REST
3352,MITCHELL PARK
3352,MOLLONGGHIP
3352,MOUNT BOLTON
3352,MOUNT EGERTON
3352,MOUNT MERCER
3352,MOUNT MITCHELL
3352,MOUNT ROWAN
3352,NAPOLEONS
3352,NAVIGATORS
3352,POOTILLA
3352,SCOTCHMANS LEAD
3352,SCOTSBURN
3352,SPRINGBANK
3352,SULKY
3352,WALLACE
3352,WARRENHEIP
3352,WATTLE FLAT
3352,WAUBRA
3352,WEATHERBOARD
3352,WERNETH
3352,WINDERMERE
3352,YENDON
3353,BALLARAT
3354,BAKERY HILL
3354,BALLARAT MC
3355,LAKE GARDENS
3355,MITCHELL PARK
3355,WENDOUREE
3355,WENDOUREE VILLAGE
3356,BONSHAW
3356,DELACOMBE
3356,SEBASTOPOL
3357,BUNINYONG
3357,SCOTSMANS LEAD
3357,YARROWEE
3358,WINTER VALLEY
3360,HAPPY VALLEY
3360,LINTON
3360,MANNIBADAR
3360,PITTONG
3360,WILLOWVALE
3361,BRADVALE
3361,CARRANBALLAC
3361,SKIPTON
3363,CRESWICK
3363,CRESWICK NORTH
3363,DEAN
3363,GLENDARUEL
3363,LANGDONS HILL
3363,MOUNT BECKWORTH
3363,TOURELLO
3364,ALLENDALE
3364,ASCOT
3364,BALD HILLS
3364,BARKSTEAD
3364,BLAMPIED
3364,BROOMFIELD
3364,CABBAGE TREE
3364,CAMPBELLTOWN
3364,COGHILLS CREEK
3364,GLENDONALD
3364,GLENDONNELL
3364,JOYCES CREEK
3364,KINGSTON
3364,KOOROOCHEANG
3364,LAWRENCE
3364,MOUNT PROSPECT
3364,NEWLYN
3364,NEWLYN NORTH
3364,ROCKLYN
3364,SMEATON
3364,SMOKEY TOWN
3364,SMOKEYTOWN
3364,SPRINGMOUNT
3364,STRATHLEA
3364,ULLINA
3364,WERONA
3370,CLUNES
3370,GLENGOWER
3370,MOUNT CAMERON
3370,ULLINA
3371,AMHERST
3371,BURNBANK
3371,CARALULUP
3371,DUNACH
3371,EVANSFORD
3371,LILLICUR
3371,MOUNT GLASGOW
3371,RED LION
3371,STONY CREEK
3371,TALBOT
3373,BEAUFORT
3373,CHUTE
3373,CROSS ROADS
3373,LAKE GOLDSMITH
3373,LAKE WONGAN
3373,MAIN LEAD
3373,MENA PARK
3373,NERRING
3373,RAGLAN
3373,SHIRLEY
3373,STOCKYARD HILL
3373,STONELEIGH
3373,TRAWALLA
3373,WATERLOO
3374,GREAT WESTERN
3375,BALLYROGAN
3375,BAYINDEEN
3375,BUANGOR
3375,MIDDLE CREEK
3377,AMPHITHEATRE
3377,ARARAT
3377,ARARAT EAST
3377,ARMSTRONG
3377,BEN NEVIS
3377,BULGANA
3377,CATHCART
3377,CROWLANDS
3377,DENICULL CREEK
3377,DOBIE
3377,DUNNEWORTHY
3377,EVERSLEY
3377,GREAT WESTERN
3377,JALLUKUR
3377,LANGI LOGAN
3377,MAROONA
3377,MOUNT COLE
3377,MOUNT COLE CREEK
3377,MOUNT LONARCH
3377,MOYSTON
3377,NORVAL
3377,RHYMNEY
3377,ROCKY POINT
3377,ROSSBRIDGE
3377,SHAYS FLAT
3377,WARRAK
3378,TATYOON
3378,YALLA-Y-POORA
3379,BERRAMBOOL
3379,BORNES HILL
3379,CHATSWORTH
3379,MAFEKING
3379,STAVELY
3379,WATGANIA
3379,WICKLIFFE
3379,WILLAURA
3379,WILLAURA NORTH
3380,BELLELLEN
3380,BRIDGE INN
3380,MOKEPILLY
3380,STAWELL
3380,STAWELL WEST
3380,WINJALLOK
3381,BARKLY
3381,BELLELLEN
3381,BELLFIELD
3381,BLACK RANGE
3381,BOLANGUM
3381,CALLAWADDA
3381,CAMPBELLS BRIDGE
3381,CONCONGELLA
3381,DEEP LEAD
3381,FYANS CREEK
3381,GERMANIA
3381,GREENS CREEK
3381,HALLS GAP
3381,ILLAWARRA
3381,JOEL JOEL
3381,JOEL SOUTH
3381,KANYA
3381,LAKE FYANS
3381,LAKE LONSDALE
3381,LUBECK
3381,MOKEPILLY
3381,MORRL MORRL
3381,MOUNT DRYDEN
3381,PARADISE
3381,POMONAL
3381,ROSTRON
3381,WAL WAL
3381,WALLALOO
3381,WALLALOO EAST
3384,BARKLY
3384,CONCONGELLA
3384,FRENCHMANS
3384,JOEL JOEL
3384,JOEL SOUTH
3384,LANDSBOROUGH
3384,LANDSBOROUGH WEST
3384,NAVARRE
3384,SHAYS FLAT
3384,TULKARA
3384,WATTLE CREEK
3385,DADSWELLS BRIDGE
3385,DEEP LEAD
3385,GLENORCHY
3385,LEDCOURT
3385,LUBECK
3385,RIACHELLA
3385,ROSES GAP
3385,WAL WAL
3387,BOLANGUM
3387,CALLAWADDA
3387,CAMPBELLS BRIDGE
3387,GERMANIA
3387,GREENS CREEK
3387,KANYA
3387,MARNOO
3387,MARNOO WEST
3387,MORRL MORRL
3387,WALLALOO
3387,WALLALOO EAST
3388,BANYENA
3388,RUPANYUP
3390,KEWELL
3390,MURTOA
3391,BRIM
3392,BOOLITE
3392,MINYIP
3392,SHEEP HILLS
3393,AILSA
3393,ANGIP
3393,AUBREY
3393,BANGERANG
3393,CANNUM
3393,CRYMELON
3393,KELLALAC
3393,LAH
3393,WARRACKNABEAL
3393,WILKUR
3393,WILLENABRINA
3395,BEULAH
3395,KENMARE
3395,REEDY DAM
3395,ROSEBERY
3396,HOPETOUN
3396,HOPEVALE
3396,YARTO
3399,JUNG
3399,LONGERENONG
3400,BRIMPAEN
3400,HORSHAM
3400,HORSHAM WEST
3400,ST HELENS PLAINS
3400,WARTOOK
3400,WONWONDAH EAST
3400,WONWONDAH SOUTH
3401,BLACKHEATH
3401,BRIMPAEN
3401,BUNGALALLY
3401,CHERRYPOOL
3401,CLEAR LAKE
3401,CONNANGORACH
3401,DAHLEN
3401,DOOEN
3401,DOUGLAS
3401,DRUNG
3401,GREEN LAKE
3401,GYMBOWEN
3401,HAVEN
3401,HORSHAM
3401,JALLUMBA
3401,JILPANGER
3401,JUNG
3401,KALKEE
3401,KANAGULK
3401,KARNAK
3401,LAHARUM
3401,LONGERENONG
3401,LOWER NORTON
3401,MCKENZIE CREEK
3401,MIGA LAKE
3401,MITRE
3401,MOCKINYA
3401,MURRA WARRA
3401,NORADJUHA
3401,NURCOUNG
3401,NURRABIEL
3401,PIMPINIO
3401,QUANTONG
3401,REMLAW
3401,RIVERSIDE
3401,ROCKLANDS
3401,ROCKLANDS
3401,ST HELENS PLAINS
3401,TELANGATUK EAST
3401,TOOAN
3401,TOOLONDO
3401,VECTIS
3401,WAIL
3401,WALLUP
3401,WARTOOK
3401,WOMBELANO
3401,WONWONDAH
3401,ZUMSTEINS
3402,HORSHAM
3407,BALMORAL
3407,ENGLEFIELD
3407,GATUM
3407,PIGEON PONDS
3407,VASEY
3409,ARAPILES
3409,CLEAR LAKE
3409,DOUGLAS
3409,DUCHEMBEGARRA
3409,GRASS FLAT
3409,JILPANGER
3409,MIGA LAKE
3409,MITRE
3409,NATIMUK
3409,NORADJUHA
3409,TOOAN
3409,WOMBELANO
3412,GOROKE
3413,MINIMAY
3413,NEUARPURR
3413,OZENKADNOOK
3413,PERONNE
3414,ANTWERP
3414,DIMBOOLA
3414,TARRANYURK
3415,MIRAM
3415,YARRUNGA
3418,BROUGHTON
3418,GERANG GERUNG
3418,GLENLEE
3418,KIATA
3418,LAWLOIT
3418,LITTLE DESERT
3418,LORQUON
3418,NETHERBY
3418,NHILL
3418,YANAC
3419,KANIVA
3420,LILLIMUR
3420,SERVICETON
3420,TELOPEA DOWNS
3423,JEPARIT
3423,LAKE HINDMARSH
3424,ALBACUTYA
3424,RAINBOW
3424,YAAPEET
3427,DIGGERS REST
3427,PLUMPTON
3428,BULLA
3429,SUNBURY
3429,WILDWOOD
3430,CLARKEFIELD
3431,RIDDELLS CREEK
3432,BOLINDA
3433,MONEGEETTA
3434,CHEROKEE
3434,KERRIE
3434,ROMSEY
3434,SPRINGFIELD
3435,BENLOCH
3435,GOLDIE
3435,LANCEFIELD
3435,NULLA VALE
3437,BULLENGAROOK
3437,GISBORNE
3437,GISBORNE SOUTH
3438,NEW GISBORNE
3440,MACEDON
3441,MOUNT MACEDON
3442,ASHBOURNE
3442,CADELLO
3442,CARLSRUHE
3442,COBAW
3442,HANGING ROCK
3442,HESKET
3442,NEWHAM
3442,ROCHFORD
3442,WOODEND
3442,WOODEND NORTH
3444,BARFOLD
3444,BAYNTON
3444,BAYNTON EAST
3444,EDGECOMBE
3444,GLENHOPE
3444,GREENHILL
3444,KYNETON
3444,KYNETON SOUTH
3444,LANGLEY
3444,LAURISTON
3444,LYAL
3444,METCALFE EAST
3444,MIA MIA
3444,MYRTLE CREEK
3444,PASTORIA
3444,PASTORIA EAST
3444,PIPERS CREEK
3444,REDESDALE
3444,SIDONIA
3444,SPRING HILL
3444,TYLDEN
3444,TYLDEN SOUTH
3446,DRUMMOND NORTH
3446,MALMSBURY
3447,TARADALE
3448,ELPHINSTONE
3448,METCALFE
3448,SUTTON GRANGE
3450,CASTLEMAINE
3450,MOONLIGHT FLAT
3451,BARKERS CREEK
3451,CAMPBELLS CREEK
3451,CHEWTON
3451,CHEWTON BUSHLANDS
3451,FARADAY
3451,FRYERSTOWN
3451,GLENLUCE
3451,GOLDEN POINT
3451,GOWER
3451,GUILDFORD
3451,IRISHTOWN
3451,MCKENZIE HILL
3451,MUCKLEFORD
3451,TARILTA
3451,VAUGHAN
3451,WOODBROOK
3451,YAPEEN
3453,HARCOURT
3453,HARCOURT NORTH
3453,RAVENSWOOD
3453,RAVENSWOOD SOUTH
3458,BARRYS REEF
3458,BLACKWOOD
3458,FERN HILL
3458,LERDERDERG
3458,LITTLE HAMPTON
3458,NEWBURY
3458,NORTH BLACKWOOD
3458,TRENTHAM
3458,TRENTHAM EAST
3460,BASALT
3460,DAYLESFORD
3461,BULLARTO
3461,BULLARTO SOUTH
3461,CLYDESDALE
3461,COOMOORA
3461,DENVER
3461,DRUMMOND
3461,DRY DIGGINGS
3461,EGANSTOWN
3461,ELEVATED PLAINS
3461,FRANKLINFORD
3461,GLENLYON
3461,HEPBURN
3461,HEPBURN SPRINGS
3461,KORWEINGUBOORA
3461,LEONARDS HILL
3461,LYONVILLE
3461,MOUNT FRANKLIN
3461,MUSK
3461,MUSK VALE
3461,PORCUPINE RIDGE
3461,SAILORS FALLS
3461,SAILORS HILL
3461,SHEPHERDS FLAT
3461,SPARGO CREEK
3461,STRANGWAYS
3461,WHEATSHEAF
3461,YANDOIT
3461,YANDOIT HILLS
3462,GREEN GULLY
3462,JOYCES CREEK
3462,MUCKLEFORD SOUTH
3462,NEWSTEAD
3462,SANDON
3462,WELSHMANS REEF
3463,BARINGHUP
3463,BARINGHUP WEST
3463,BRADFORD
3463,EASTVILLE
3463,GOWER
3463,LAANECOORIE
3463,MALDON
3463,NEEREMAN
3463,NUGGETTY
3463,PERKINS REEF
3463,PORCUPINE FLAT
3463,SHELBOURNE
3463,TARRENGOWER
3463,WALMER
3463,WOODSTOCK WEST
3464,CARISBROOK
3465,ADELAIDE LEAD
3465,ALMA
3465,BOWENVALE
3465,BUNG BONG
3465,COTSWOLD
3465,CRAIGIE
3465,DAISY HILL
3465,FLAGSTAFF
3465,GOLDEN POINT
3465,HAVELOCK
3465,HOMEBUSH
3465,MAJORCA
3465,MARYBOROUGH
3465,MOOLORT
3465,MOONLIGHT FLAT
3465,NATTE YALLOCK
3465,RATHSCAR
3465,RATHSCAR WEST
3465,RODBOROUGH
3465,SIMSON
3465,TIMOR
3465,TIMOR WEST
3465,WAREEK
3467,AVOCA
3467,MOYREISK
3468,AMPHITHEATRE
3468,MOUNT LONARCH
3469,ELMHURST
3469,GLENLOFTY
3469,GLENLOGIE
3469,GLENPATRICK
3469,NOWHERE CREEK
3472,BET BET
3472,BETLEY
3472,BROMLEY
3472,DUNLUCE
3472,DUNOLLY
3472,EDDINGTON
3472,GOLDSBOROUGH
3472,INKERMAN
3472,MCINTYRE
3472,MOLIAGUL
3472,MOUNT HOOGHLY
3475,ARCHDALE
3475,ARCHDALE JUNCTION
3475,BEALIBA
3475,BURKES FLAT
3475,COCHRANES CREEK
3475,EMU
3475,LOGAN
3477,AVON PLAINS
3477,BEAZLEYS BRIDGE
3477,CARAPOOEE
3477,CARAPOOEE WEST
3477,COONOOER BRIDGE
3477,COONOOER WEST
3477,DALYENONG
3477,GOOROC
3477,GOWAR EAST
3477,GRAYS BRIDGE
3477,GRE GRE
3477,GRE GRE NORTH
3477,GRE GRE SOUTH
3477,KOOREH
3477,MARNOO EAST
3477,MOOLERR
3477,MOYREISK
3477,PARADISE
3477,REDBANK
3477,ROSTRON
3477,SLATY CREEK
3477,ST ARNAUD EAST
3477,ST ARNAUD NORTH
3477,STUART MILL
3477,SUTHERLAND
3477,SWANWATER
3477,TOTTINGTON
3477,TRAYNORS LAGOON
3477,WINJALLOK
3477,YORK PLAINS
3478,AVON PLAINS
3478,BEAZLEYS BRIDGE
3478,BERRIMAL WEST
3478,CARAPOOEE
3478,CARAPOOEE WEST
3478,COONOOER BRIDGE
3478,COONOOER WEST
3478,DARKBONEE
3478,DOOBOOBETIC
3478,ELBERTON
3478,GOOROC
3478,GOWAR EAST
3478,GRE GRE
3478,GRE GRE NORTH
3478,GRE GRE SOUTH
3478,KOOREH
3478,MEDLYN
3478,MITCHELLS HILL
3478,MOOLERR
3478,MOONAMBEL
3478,PERCYDALE
3478,SLATY CREEK
3478,ST ARNAUD
3478,ST ARNAUD EAST
3478,ST ARNAUD NORTH
3478,STUART MILL
3478,SUTHERLAND
3478,SWANWATER
3478,TANWOOD
3478,TOTTINGTON
3478,TRAYNORS LAGOON
3478,TULKARA
3478,WARRENMANG
3478,YAWONG HILLS
3480,AREEGRA
3480,BANYENONG
3480,BOOLITE
3480,CARRON
3480,COPE COPE
3480,CORACK
3480,CORACK EAST
3480,DONALD
3480,GIL GIL
3480,JEFFCOTT
3480,JEFFCOTT NORTH
3480,LAEN
3480,LAEN EAST
3480,LAEN NORTH
3480,LAKE BULOKE
3480,LAWLER
3480,LITCHFIELD
3480,RICH AVON
3480,RICH AVON EAST
3480,RICH AVON WEST
3480,SWANWATER WEST
3482,MASSEY
3482,MORTON PLAINS
3482,WARMUR
3482,WATCHEM
3482,WATCHEM WEST
3483,BALLAPUR
3483,BIRCHIP
3483,BIRCHIP WEST
3483,CURYO
3483,JIL JIL
3483,KARYRIE
3483,KINNABULLA
3483,MARLBED
3483,NARRAPORT
3483,REEDY DAM
3483,WHIRILY
3485,BANYAN
3485,WATCHUPGA
3485,WILLANGIE
3485,WOOMELANG
3487,LASCELLES
3488,SPEED
3488,TURRIFF
3488,TURRIFF EAST
3489,TEMPY
3490,BIG DESERT
3490,BOINKA
3490,KULWIN
3490,MITTYACK
3490,MURRAY-SUNSET
3490,OUYEN
3490,TORRITA
3490,TUTYE
3491,PATCHEWOLLOCK
3494,CARWARP
3494,COLIGNAN
3494,IRAAK
3494,NANGILOC
3496,CARDROSS
3496,CULLULLERAINE
3496,LINDSAY POINT
3496,MERINGUR
3496,MERRINEE
3496,MURRAY LOCK NO 9
3496,NEDS CORNER
3496,RED CLIFFS
3496,SUNNYCLIFFS
3496,WERRIMULL
3498,IRYMPLE
3500,MILDURA
3500,MILDURA EAST
3500,MILDURA WEST
3501,HATTAH
3501,KOORLONG
3501,MILDURA CENTRE PLAZA
3501,MILDURA SOUTH
3501,NICHOLS POINT
3502,MILDURA
3505,BIRDWOODTON
3505,CABARITA
3505,MERBEIN
3505,MERBEIN SOUTH
3505,MERBEIN WEST
3505,WARGAN
3505,YELTA
3506,COWANGIE
3507,WALPEUP
3509,LINGA
3509,UNDERBOOL
3512,CARINA
3512,MURRAYVILLE
3512,PANITYA
3515,MARONG
3515,SHELBOURNE
3515,WILSONS HILL
3516,BRIDGEWATER
3516,BRIDGEWATER NORTH
3516,BRIDGEWATER ON LODDON
3516,DERBY
3516,LEICHARDT
3516,YARRABERB
3517,BEARS LAGOON
3517,BRENANAH
3517,BULLABUL
3517,GLENALBYN
3517,INGLEWOOD
3517,JARKLIN
3517,KINGOWER
3517,KURTING
3517,POWLETT PLAINS
3517,RHEOLA
3517,SALISBURY WEST
3517,SERPENTINE
3518,BERRIMAL
3518,BORUNG
3518,FENTONS CREEK
3518,FERNIHURST
3518,FIERY FLAT
3518,KURRACA
3518,KURRACA WEST
3518,MYSIA
3518,NINE MILE
3518,RICHMOND PLAINS
3518,SKINNERS FLAT
3518,WEDDERBURN
3518,WEDDERBURN JUNCTION
3518,WEHLA
3518,WOOLSHED FLAT
3518,WOOSANG
3520,KINYPANIAL
3520,KORONG VALE
3520,SOUTH KINYPANIAL
3521,PYALONG
3522,EMU FLAT
3522,GLENHOPE EAST
3522,TOOBORAC
3523,ARGYLE
3523,COSTERFIELD
3523,DERRINAL
3523,HEATHCOTE
3523,HEATHCOTE SOUTH
3523,KNOWSLEY
3523,LADYS PASS
3523,MOORMBOOL WEST
3523,MOUNT CAMEL
3523,REDCASTLE
3525,BARRAKEE
3525,BUCKRABANYULE
3525,CHARLTON
3525,CHIRRIP
3525,GRANITE FLAT
3525,JEFFCOTT
3525,JEFFCOTT NORTH
3525,LAKE MARMAL
3525,NAREEWILLOCK
3525,TEDDYWADDY
3525,TEDDYWADDY WEST
3525,TERRAPPEE
3525,WOOROONOOK
3525,WYCHITELLA
3525,WYCHITELLA NORTH
3525,YEUNGROON
3525,YEUNGROON EAST
3527,BUNGULUKE
3527,DUMOSA
3527,GLENLOTH
3527,GLENLOTH EAST
3527,JERUK
3527,NINYEUNOOK
3527,TEDDYWADDY
3527,TEDDYWADDY WEST
3527,THALIA
3527,TOWANINNY
3527,TOWANINNY SOUTH
3527,WYCHEPROOF
3527,WYCHEPROOF SOUTH
3529,KALPIENUNG
3529,NULLAWIL
3530,CULGOA
3530,SUTTON
3530,WANGIE
3530,WARNE
3531,BERRIWILLOCK
3531,BOIGBEAT
3531,SPRINGFIELD
3533,BIMBOURIE
3533,LAKE TYRRELL
3533,MITTYACK
3533,MYALL
3533,NANDALY
3533,NINDA
3533,NYARRIN
3533,PIER MILAN
3533,SEA LAKE
3533,STRATEN
3533,TYENNA
3533,TYRRELL
3533,TYRRELL DOWNS
3537,BARRAPORT
3537,BARRAPORT WEST
3537,BOORT
3537,CANARY ISLAND
3537,CATUMNAL
3537,GREDGWIN
3537,LEAGHUR
3537,MINMINDIE
3537,YANDO
3540,CANNIE
3540,NINYEUNOOK
3540,OAKVALE
3540,QUAMBATOOK
3542,COKUM
3542,LALBERT
3542,TITTYBONG
3542,TITYBONG
3544,CHINANGIN
3544,GOWANFORD
3544,MURNUNGIN
3544,SPRINGFIELD
3544,ULTIMA
3544,ULTIMA EAST
3544,WAITCHIE
3546,BOLTON
3546,CHINKAPOOK
3546,COCAMBA
3546,GERAHMIN
3546,MANANGATANG
3546,TUROAR
3546,WINNAMBOOL
3549,ANNUELLO
3549,BANNERTON
3549,HAPPY VALLEY
3549,LIPAROO
3549,ROBINVALE
3549,ROBINVALE IRRIGATION DISTRICT SECTION B
3549,ROBINVALE IRRIGATION DISTRICT SECTION C
3549,ROBINVALE IRRIGATION DISTRICT SECTION D
3549,ROBINVALE IRRIGATION DISTRICT SECTION E
3549,TOL TOL
3549,WANDOWN
3549,WEMEN
3550,BENDIGO
3550,BENDIGO SOUTH
3550,DIAMOND HILL
3550,EAST BENDIGO
3550,FLORA HILL
3550,IRONBARK
3550,KENNINGTON
3550,LONG GULLY
3550,NORTH BENDIGO
3550,QUARRY HILL
3550,SANDHURST EAST
3550,SPRING GULLY
3550,STRATHDALE
3550,TYSONS REEF
3550,WEST BENDIGO
3550,WHITE HILLS
3551,ARNOLD
3551,ARNOLD WEST
3551,ASCOT
3551,AXE CREEK
3551,AXEDALE
3551,BAGSHOT
3551,BAGSHOT NORTH
3551,BENDIGO FORWARD
3551,CORNELLA
3551,CREEK VIEW
3551,EMU CREEK
3551,EPPALOCK
3551,EPSOM
3551,HUNTLY
3551,HUNTLY NORTH
3551,JUNORTOUN
3551,KIMBOLTON
3551,LAKE EPPALOCK
3551,LLANELLY
3551,LOCKWOOD
3551,LOCKWOOD SOUTH
3551,LONGLEA
3551,MAIDEN GULLY
3551,MANDURANG
3551,MANDURANG SOUTH
3551,MINTO
3551,MOSQUITO CREEK
3551,MURPHYS CREEK
3551,MYOLA
3551,MYOLA EAST
3551,MYRTLE CREEK
3551,NEWBRIDGE
3551,PAINSWICK
3551,PILCHERS BRIDGE
3551,SEDGWICK
3551,STRATHFIELDSAYE
3551,TARNAGULLA
3551,TOOLLEEN
3551,WAANYARRA
3551,WELLSFORD
3551,WOODSTOCK ON LODDON
3552,BENDIGO
3554,BENDIGO DC
3555,BIG HILL
3555,GOLDEN GULLY
3555,GOLDEN SQUARE
3555,KANGAROO FLAT
3555,LANSELL PLAZA
3555,SPECIMEN HILL
3556,CALIFORNIA GULLY
3556,CAMPBELLS FOREST
3556,COMET HILL
3556,EAGLEHAWK
3556,EAGLEHAWK NORTH
3556,JACKASS FLAT
3556,MYERS FLAT
3556,SAILORS GULLY
3556,SEBASTIAN
3556,WHIPSTICK
3556,WOODVALE
3557,BARNADOWN
3557,FOSTERVILLE
3557,GOORNONG
3557,MUSKERRY
3557,MUSKERRY EAST
3558,BURNEWANG
3558,COROP WEST
3558,CREEK VIEW
3558,ELMORE
3558,HUNTER
3558,RUNNYMEDE
3559,AVONMORE
3559,BURRAMBOOT
3559,COLBINABBIN
3559,COROP
3559,GOBARUP
3559,LYNDALE
3559,MAYREEF
3559,RUNNYMEDE
3561,BALLENDELLA
3561,BAMAWM
3561,BAMAWM EXTENSION
3561,BONN
3561,DIGGORA
3561,DIGGORA WEST
3561,FAIRY DELL
3561,NANNEELLA
3561,ROCHESTER
3561,ROCHESTER WEST
3561,THE SETTLEMENT
3561,TIMMERING
3562,TORRUMBARRY
3563,LOCKINGTON
3564,BAMAWM EXTENSION
3564,CAMPASPE WEST
3564,ECHUCA
3564,ECHUCA EAST
3564,ECHUCA SOUTH
3564,ECHUCA VILLAGE
3564,ECHUCA WEST
3564,KANYAPELLA
3564,MCEVOYS
3564,PATHO
3564,PATHO WEST
3564,ROSLYNMEAD
3564,SIMMIE
3564,WHARPARILLA
3565,KOTTA
3566,GUNBOWER
3567,HORFIELD
3567,LEITCHVILLE
3568,BURKES BRIDGE
3568,COHUNA
3568,CULLEN
3568,DALTONS BRIDGE
3568,GANNAWARRA
3568,KEELY
3568,MACORNA NORTH
3568,MCMILLANS
3568,MEAD
3568,MINCHA WEST
3568,WEE WEE RUP
3570,AUCHMORE
3570,DRUMMARTIN
3570,KAMAROOKA
3570,NEILBOROUGH
3570,RAYWOOD
3570,SUMMERFIELD
3571,DINGEE
3571,KAMAROOKA NORTH
3571,POMPAPIEL
3571,TANDARRA
3571,YALLOOK
3572,MILLOO
3572,PIAVELLA
3572,PRAIRIE
3572,TENNYSON
3573,CALIVIL
3573,MITIAMO
3573,PINE GROVE
3573,PINE GROVE EAST
3573,TERRICK TERRICK EAST
3575,BALD ROCK
3575,GLADFIELD
3575,JUNGABURRA
3575,LODDON VALE
3575,MINCHA
3575,MOLOGA
3575,PYRAMID HILL
3575,SYLVATERRE
3575,TERRICK TERRICK
3575,YARRAWALLA
3576,DURHAM OX
3579,APPIN
3579,APPIN SOUTH
3579,BAEL BAEL
3579,BEAUCHAMP
3579,BENJEROOP
3579,BUDGERUM EAST
3579,CAPELS CROSSING
3579,DINGWALL
3579,EAST YEOBURN
3579,FAIRLEY
3579,GONN CROSSING
3579,KERANG
3579,KERANG EAST
3579,KOROOP
3579,LAKE MERAN
3579,MACORNA
3579,MEERING WEST
3579,MILNES BRIDGE
3579,MURRABIT
3579,MURRABIT WEST
3579,MYALL
3579,MYSTIC PARK
3579,NORMANVILLE
3579,PINE VIEW
3579,REEDY LAKE
3579,SANDHILL LAKE
3579,TEAL POINT
3579,TRAGOWEL
3579,WANDELLA
3579,WESTBY
3580,KOONDROOK
3581,BEAUCHAMP
3581,LAKE CHARM
3583,TRESCO
3584,LAKE BOGA
3584,TRESCO WEST
3585,CASTLE DONNINGTON
3585,CHILLINGOLLAH
3585,FISH POINT
3585,GOSCHEN
3585,KUNAT
3585,MEATIAN
3585,NOWIE
3585,NYRRABY
3585,PIRA
3585,POLISBET
3585,SPEEWA
3585,SWAN HILL
3585,SWAN HILL PIONEER
3585,SWAN HILL WEST
3585,WINLATON
3586,BULGA
3586,MURRAWEE
3586,MURRAYDALE
3586,PENTAL ISLAND
3586,TYNTYNDER
3586,TYNTYNDER SOUTH
3586,ULTIMA EAST
3588,WOORINEN SOUTH
3589,WOORINEN
3589,WOORINEN NORTH
3590,BEVERFORD
3591,VINIFERA
3594,NYAH
3595,NYAH WEST
3596,MIRALIE
3596,TOWAN
3596,WOOD WOOD
3597,KENLEY
3597,KOOLOONONG
3597,LAKE POWELL
3597,NARRUNG
3597,NATYA
3597,PIANGIL
3599,BOUNDARY BEND
3607,TABILK
3608,BAILIESTON
3608,GOULBURN WEIR
3608,GRAYTOWN
3608,KIRWANS BRIDGE
3608,MITCHELLSTOWN
3608,NAGAMBIE
3608,WAHRING
3608,WIRRATE
3610,DHURRINGILE
3610,MOORILIM
3610,MURCHISON
3610,MURCHISON EAST
3610,MURCHISON NORTH
3612,MOORA
3612,RUSHWORTH
3612,WANALTA
3612,WARANGA
3612,WARANGA SHORES
3612,WHROO
3614,TOOLAMBA
3614,TOOLAMBA WEST
3616,COOMA
3616,GILLIESTON
3616,GIRGARRE EAST
3616,HARSTON
3616,MOOROOPNA NORTH WEST
3616,TATURA
3616,TATURA EAST
3616,TOOLAMBA WEST
3616,WARANGA
3617,BYRNESIDE
3618,MERRIGUM
3619,KYABRAM
3620,KYABRAM
3620,KYABRAM SOUTH
3620,LANCASTER
3620,MOUNT SCOBIE
3620,ST GERMAINS
3620,TARIPTA
3620,WYUNA
3620,WYUNA EAST
3621,KOYUGA SOUTH
3621,KY VALLEY
3621,KY WEST
3621,KYVALLEY
3621,TONGALA
3621,YAMBUNA
3622,CORNELIA CREEK
3622,KOYUGA
3622,STRATHALLAN
3623,CARAG CARAG
3623,STANHOPE
3623,STANHOPE SOUTH
3624,GIRGARRE
3629,ARDMONA
3629,COOMBOONA
3629,MOOROOPNA
3629,MOOROOPNA NORTH
3629,UNDERA
3630,BENARCH
3630,BRANDITT
3630,CANIAMBO
3630,COLLIVER
3630,DUNKIRK
3630,SHEPPARTON
3630,SHEPPARTON SOUTH
3631,ARCADIA
3631,ARCADIA SOUTH
3631,BRANDITT
3631,COSGROVE
3631,COSGROVE SOUTH
3631,GRAHAMVALE
3631,KARRAMOMUS
3631,KIALLA
3631,KIALLA EAST
3631,KIALLA WEST
3631,LEMNOS
3631,ORRVALE
3631,PINE LODGE
3631,SHEPPARTON EAST
3631,SHEPPARTON NORTH
3631,TAMLEUGH WEST
3632,SHEPPARTON
3633,CONGUPNA
3634,BUNBARTHA
3634,INVERGORDON SOUTH
3634,KATANDRA
3634,KATANDRA WEST
3634,MARIONVALE
3634,MARUNGI
3634,TALLYGAROOPNA
3634,ZEERUST
3635,KAARIMBA
3635,MUNDOONA
3635,WUNGHNU
3636,DRUMANURE
3636,INVERGORDON
3636,NARING
3636,NUMURKAH
3637,WAAIA
3637,YALCA
3638,KOTUPNA
3638,NATHALIA
3638,YIELIMA
3639,BARMAH
3639,LOWER MOIRA
3639,PICOLA
3639,PICOLA WEST
3640,KATUNGA
3641,BEARII
3641,MYWEE
3641,STRATHMERTON
3641,ULUPNA
3643,COBRAM
3644,COBRAM
3644,COBRAM EAST
3644,KOONOOMOO
3644,MUCKATAH
3644,YARROWEYAH
3646,DOOKIE
3646,MOUNT MAJOR
3646,NALINGA
3646,WAGGARANDALL
3646,WATTVILLE
3646,YABBA NORTH
3646,YABBA SOUTH
3646,YOUANMITE
3647,DOOKIE COLLEGE
3649,KATAMATITE
3649,KATAMATITE EAST
3658,BROADFORD
3658,CLONBINANE
3658,CLONBINANE
3658,FLOWERDALE
3658,HAZELDENE
3658,REEDY CREEK
3658,STRATH CREEK
3658,SUGARLOAF CREEK
3658,SUNDAY CREEK
3658,TYAAK
3658,WATERFORD PARK
3659,SUGARLOAF CREEK
3659,TALLAROOK
3660,CAVEAT
3660,DROPMORE
3660,DYSART
3660,HIGHLANDS
3660,HILLDENE
3660,KERRISDALE
3660,KOBYBOYN
3660,NORTHWOOD
3660,SEYMOUR
3660,SEYMOUR SOUTH
3660,TRAWOOL
3660,WHITEHEADS CREEK
3661,SEYMOUR
3662,PUCKAPUNYAL
3662,PUCKAPUNYAL MILPO
3663,MANGALORE
3664,AVENEL
3664,UPTON HILL
3665,LOCKSLEY
3665,LONGWOOD
3665,PRANJIP
3666,BALMATTUM
3666,CREIGHTON
3666,CREIGHTONS CREEK
3666,EUROA
3666,GOORAM
3666,KELVIN VIEW
3666,KITHBROOK
3666,LONGWOOD EAST
3666,MIEPOLL
3666,MOGLONEMBY
3666,MOLKA
3666,PRANJIP
3666,RIGGS CREEK
3666,RUFFY
3666,SHEANS CREEK
3666,STRATHBOGIE
3666,TARCOMBE
3669,BOHO
3669,BOHO SOUTH
3669,CREEK JUNCTION
3669,EARLSTON
3669,GOWANGARDIE
3669,KOONDA
3669,MARRAWEENEY
3669,TAMLEUGH
3669,TAMLEUGH NORTH
3669,UPOTIPOTPON
3669,VIOLET TOWN
3670,BADDAGINNIE
3670,TARNOOK
3670,WARRENBAYNE
3671,BENALLA
3672,BENALLA
3672,BENALLA WEST
3673,BENALLA
3673,BROKEN CREEK
3673,GOOMALIBEE
3673,KILFEERA
3673,LAKE MOKOAN
3673,LIMA
3673,LIMA EAST
3673,LIMA SOUTH
3673,LURG
3673,MOLYULLAH
3673,MOORNGAG
3673,SAMARIA
3673,SWANPOOL
3673,TATONG
3673,UPOTIPOTPON
3673,UPPER LURG
3673,UPPER RYANS CREEK
3673,WINTON
3673,WINTON NORTH
3675,BOWEYA
3675,BOWEYA NORTH
3675,GLENROWAN
3675,GLENROWAN WEST
3675,GRETA
3675,GRETA SOUTH
3675,GRETA WEST
3675,HANSONVILLE
3675,MOUNT BRUNO
3675,TAMINICK
3676,WANGARATTA
3677,APPIN PARK
3677,WANGARATTA
3677,WANGARATTA WEST
3677,YARRUNGA
3678,BOBINAWARRAH
3678,BOORHAMAN
3678,BOORHAMAN EAST
3678,BOWSER
3678,BYAWATHA
3678,CARBOOR
3678,CHESHUNT
3678,CHESHUNT SOUTH
3678,DOCKER
3678,DOCKERS PLAINS
3678,EAST WANGARATTA
3678,EDI
3678,EDI UPPER
3678,EVERTON
3678,EVERTON UPPER
3678,KILLAWARRA
3678,KING VALLEY
3678,LACEBY
3678,LONDRIGAN
3678,MARKWOOD
3678,MEADOW CREEK
3678,MILAWA
3678,NORTH WANGARATTA
3678,OXLEY
3678,OXLEY FLATS
3678,PEECHELBA
3678,PEECHELBA EAST
3678,ROSE RIVER
3678,TARRAWINGEE
3678,WABONGA
3678,WALDARA
3678,WANGANDARY
3678,WANGARATTA FORWARD
3678,WANGARATTA SOUTH
3678,WHITLANDS
3682,BORALMA
3682,LILLIPUT
3682,NORONG
3682,SPRINGHURST
3683,CHILTERN
3683,CHILTERN VALLEY
3683,CORNISHTOWN
3683,INDIGO
3685,BOORHAMAN NORTH
3685,BRIMIN
3685,BROWNS PLAINS
3685,CARLYLE
3685,DUGAYS BRIDGE
3685,GOORAMADDA
3685,GREAT SOUTHERN
3685,LAKE MOODEMERE
3685,NORONG CENTRAL
3685,PRENTICE NORTH
3685,RUTHERGLEN
3687,CARLYLE
3687,WAHGUNYAH
3688,BARNAWARTHA
3688,BARNAWARTHA NORTH
3688,INDIGO UPPER
3688,INDIGO VALLEY
3689,WODONGA
3690,WEST WODONGA
3690,WODONGA
3690,WODONGA PLAZA
3691,ALLANS FLAT
3691,BANDIANA
3691,BARANDUDA
3691,BARNAWARTHA NORTH
3691,BELLBRIDGE
3691,BERRINGAMA
3691,BETHANGA
3691,BONEGILLA
3691,BUNGIL
3691,CASTLE CREEK
3691,CORAL BANK
3691,DEDERANG
3691,EBDEN
3691,GATEWAY ISLAND
3691,GLEN CREEK
3691,GUNDOWRING
3691,HUME WEIR
3691,HUON CREEK
3691,KANCOONA
3691,KANCOONA SOUTH
3691,KERGUNYAH
3691,KERGUNYAH SOUTH
3691,KIEWA
3691,KILLARA
3691,LENEVA
3691,LONE PINE
3691,LUCYVALE
3691,MONGANS BRIDGE
3691,MOUNT ALFRED
3691,OSBORNES FLAT
3691,RUNNING CREEK
3691,STAGHORN FLAT
3691,TALGARNO
3691,TANGAMBALANGA
3691,THOLOGOLONG
3691,UPPER GUNDOWRING
3691,WODONGA FORWARD
3694,BANDIANA
3694,BANDIANA MILPO
3695,CHARLEROI
3695,HUON
3695,RED BLUFF
3695,SANDY CREEK
3697,TAWONGA
3698,TAWONGA SOUTH
3699,BOGONG
3699,FALLS CREEK
3699,MOUNT BEAUTY
3699,NELSE
3700,BULLIOH
3700,GEORGES CREEK
3700,JARVIS CREEK
3700,TALLANGATTA
3700,TALLANGATTA EAST
3701,DARTMOUTH
3701,ESKDALE
3701,FERNVALE
3701,GRANITE FLAT
3701,GRANYA
3701,MITTA MITTA
3701,OLD TALLANGATTA
3701,SHELLEY
3701,TALLANDOON
3701,TALLANGATTA SOUTH
3701,TALLANGATTA VALLEY
3704,KOETONG
3705,CUDGEWA
3705,NARIEL VALLEY
3707,BIGGARA
3707,COLAC COLAC
3707,CORRYONG
3707,NARIEL VALLEY
3707,THOWGLA VALLEY
3707,TOM GROGGIN
3707,TOWONG
3707,TOWONG UPPER
3708,TINTALDRA
3709,BURROWYE
3709,GUYS FOREST
3709,MOUNT ALFRED
3709,PINE MOUNTAIN
3709,WALWA
3711,BUXTON
3712,RUBICON
3712,THORNTON
3713,EILDON
3713,LAKE EILDON
3713,TAYLOR BAY
3714,ACHERON
3714,ALEXANDRA
3714,CATHKIN
3714,CRYSTAL CREEK
3714,DEVILS RIVER
3714,FAWCETT
3714,KORIELLA
3714,MAINTONGOON
3714,TAGGERTY
3714,WHANREGARWEN
3715,ANCONA
3715,MERTON
3715,WOODFIELD
3717,FLOWERDALE
3717,GHIN GHIN
3717,GLENBURN
3717,HOMEWOOD
3717,KILLINGWORTH
3717,LIMESTONE
3717,MURRINDINDI
3717,YEA
3718,MOLESWORTH
3719,GOBUR
3719,KANUMBRA
3719,TERIP TERIP
3719,YARCK
3720,BONNIE DOON
3722,BARWITE
3722,MANSFIELD
3722,MIRIMBAH
3723,ARCHERTON
3723,BARJARG
3723,BOOROLITE
3723,BRIDGE CREEK
3723,DELATITE
3723,ENOCHS POINT
3723,GAFFNEYS CREEK
3723,GOUGHS BAY
3723,HOWES CREEK
3723,HOWQUA
3723,HOWQUA HILLS
3723,HOWQUA INLET
3723,JAMIESON
3723,KEVINGTON
3723,KNOCKWOOD
3723,MACS COVE
3723,MAINDAMPLE
3723,MATLOCK
3723,MERRIJIG
3723,MOUNT BULLER
3723,MOUNTAIN BAY
3723,NILLAHCOOTIE
3723,PIRIES
3723,SAWMILL SETTLEMENT
3723,TOLMIE
3723,WOODS POINT
3724,MANSFIELD
3725,BOXWOOD
3725,CHESNEY VALE
3725,GOORAMBAT
3725,MAJOR PLAINS
3725,STEWARTON
3726,BUNGEET
3726,BUNGEET WEST
3726,DEVENISH
3726,THOONA
3727,ALMONDS
3727,LAKE ROWAN
3727,PELLUEBLA
3727,ST JAMES
3727,WAGGARANDALL
3727,YUNDOOL
3728,BOOMAHNOOMOONAH
3728,TUNGAMAH
3728,WILBY
3728,YOUARANG
3730,BATHUMI
3730,BOOSEY
3730,BUNDALONG
3730,BUNDALONG SOUTH
3730,BURRAMINE
3730,BURRAMINE SOUTH
3730,ESMOND
3730,TELFORD
3730,YARRAWONGA
3730,YARRAWONGA SOUTH
3732,MOYHU
3732,MYRRHEE
3733,WHITFIELD
3735,BOWMANS FOREST
3735,WHOROULY
3735,WHOROULY EAST
3735,WHOROULY SOUTH
3736,MYRTLEFORD
3737,ABBEYARD
3737,BARWIDGEE
3737,BUFFALO RIVER
3737,DANDONGADALE
3737,GAPSTED
3737,HAVILAH
3737,HAVILLAH
3737,MERRIANG
3737,MERRIANG SOUTH
3737,MUDGEGONGA
3737,MYRTLEFORD
3737,NUG NUG
3737,ROSEWHITE
3737,SELWYN
3737,WONNANGATTA
3738,OVENS
3739,EUROBIN
3740,BUCKLAND
3740,MOUNT BUFFALO
3740,POREPUNKAH
3741,BRIGHT
3741,FREEBURGH
3741,GERMANTOWN
3741,HARRIETVILLE
3741,HOTHAM HEIGHTS
3741,MOUNT HOTHAM
3741,SMOKO
3744,WANDILIGONG
3746,ELDORADO
3747,BAARMUTHA
3747,BEECHWORTH
3747,HURDLE FLAT
3747,MURMUNGEE
3747,SILVER CREEK
3747,STANLEY
3747,WOOLSHED
3747,WOORAGEE
3749,BRUARONG
3749,YACKANDANDAH
3750,WOLLERT
3751,WOODSTOCK
3752,MORANG SOUTH
3752,SOUTH MORANG
3753,BEVERIDGE
3754,DOREEN
3754,MERNDA
3755,YAN YEAN
3756,CHINTIN
3756,DARRAWEIT GUIM
3756,HIDDEN VALLEY
3756,UPPER PLENTY
3756,WALLAN
3756,WALLAN EAST
3757,BRUCES CREEK
3757,EDEN PARK
3757,HUMEVALE
3757,KINGLAKE CENTRAL
3757,KINGLAKE WEST
3757,PHEASANT CREEK
3757,WHITTLESEA
3758,HEATHCOTE JUNCTION
3758,WANDONG
3759,PANTON HILL
3760,SMITHS GULLY
3760,SMITHS GULLY
3761,ST ANDREWS
3762,BYLANDS
3763,KINGLAKE
3763,MOUNT SLIDE
3764,FORBES
3764,GLENAROUA
3764,HIGH CAMP
3764,KILMORE
3764,KILMORE EAST
3764,MORANDING
3764,TANTARABOO
3764,WILLOWMAVIN
3765,MONTROSE
3766,KALORAMA
3767,MOUNT DANDENONG
3770,COLDSTREAM
3770,GRUYERE
3770,YERING
3775,CHRISTMAS HILLS
3775,DIXONS CREEK
3775,STEELS CREEK
3775,TARRAWARRA
3775,YARRA GLEN
3777,BADGER CREEK
3777,CASTELLA
3777,CHUM CREEK
3777,HEALESVILLE
3777,HEALESVILLE MAIN STREET
3777,HEALESVILLE POST SHOP
3777,MOUNT TOOLEBEWONG
3777,TOOLANGI
3778,FERNSHAW
3778,NARBETHONG
3779,CAMBARVILLE
3779,MARYSVILLE
3781,COCKATOO
3781,MOUNT BURNETT
3781,NANGANA
3782,AVONSLEIGH
3782,CLEMATIS
3782,EMERALD
3782,MACCLESFIELD
3783,GEMBROOK
3785,TREMONT
3786,FERNY CREEK
3787,SASSAFRAS
3787,SASSAFRAS GULLY
3788,OLINDA
3789,SHERBROOKE
3791,KALLISTA
3792,THE PATCH
3793,MONBULK
3795,SILVAN
3796,MOUNT EVELYN
3797,GILDEROY
3797,GLADYSDALE
3797,POWELLTOWN
3797,THREE BRIDGES
3797,YARRA JUNCTION
3799,BIG PATS CREEK
3799,EAST WARBURTON
3799,MCMAHONS CREEK
3799,MILLGROVE
3799,REEFTON
3799,WARBURTON
3799,WESBURN
3800,MONASH UNIVERSITY
3802,ENDEAVOUR HILLS
3803,HALLAM
3804,NARRE WARREN EAST
3804,NARRE WARREN NORTH
3805,FOUNTAIN GATE
3805,NARRE WARREN
3805,NARRE WARREN SOUTH
3806,BERWICK
3806,HARKAWAY
3807,BEACONSFIELD
3807,GUYS HILL
3808,BEACONSFIELD UPPER
3808,DEWHURST
3809,OFFICER
3809,OFFICER SOUTH
3810,PAKENHAM
3810,PAKENHAM SOUTH
3810,PAKENHAM UPPER
3810,RYTHDALE
3812,MARYKNOLL
3812,NAR NAR GOON
3812,NAR NAR GOON NORTH
3813,TYNONG
3813,TYNONG NORTH
3814,CORA LYNN
3814,GARFIELD
3814,GARFIELD NORTH
3814,VERVALE
3815,BUNYIP
3815,BUNYIP NORTH
3815,IONA
3815,TONIMBUK
3816,LABERTOUCHE
3816,LONGWARRY
3816,LONGWARRY NORTH
3816,MODELLA
3818,ATHLONE
3818,DROUIN
3818,DROUIN EAST
3818,DROUIN SOUTH
3818,DROUIN WEST
3818,HALLORA
3818,JINDIVICK
3818,RIPPLEBROOK
3818,TARAGO
3820,BONA VISTA
3820,LILLICO
3820,WARRAGUL
3821,BRANDY CREEK
3821,BRAVINGTON
3821,BULN BULN
3821,BULN BULN EAST
3821,CROSSOVER
3821,ELLINBANK
3821,FERNDALE
3821,LARDNER
3821,NAYOOK
3821,NEERIM JUNCTION
3821,NEERIM NORTH
3821,NILMA
3821,NILMA NORTH
3821,ROKEBY
3821,SEAVIEW
3821,SHADY CREEK
3821,TETOORA ROAD
3821,TORWOOD
3821,WARRAGUL SOUTH
3821,WARRAGUL WEST
3822,CLOVERLEA
3822,DARNUM
3822,GAINSBOROUGH
3823,ALLAMBEE
3823,YARRAGON
3823,YARRAGON SOUTH
3824,CHILDERS
3824,NARRACAN
3824,THORPDALE SOUTH
3824,TRAFALGAR
3824,TRAFALGAR EAST
3824,TRAFALGAR SOUTH
3825,ABERFELDY
3825,AMOR
3825,BOOLA
3825,CARINGAL
3825,COALVILLE
3825,COOPERS CREEK
3825,ERICA
3825,FUMINA
3825,FUMINA SOUTH
3825,HERNES OAK
3825,HILL END
3825,JACOB CREEK
3825,JERICHO
3825,MOE
3825,MOE SOUTH
3825,MOONDARRA
3825,NEWBOROUGH
3825,NEWBOROUGH EAST
3825,RAWSON
3825,TANJIL
3825,TANJIL SOUTH
3825,THALLOO
3825,THALOO
3825,THOMSON
3825,TOOMBON
3825,WALHALLA
3825,WALHALLA EAST
3825,WESTBURY
3825,WILLOW GROVE
3825,YALLOURN
3825,YALLOURN NORTH
3831,NEERIM
3831,NEERIM EAST
3831,NEERIM SOUTH
3832,NAYOOK
3832,NEERIM JUNCTION
3832,NEERIM NORTH
3833,ADA
3833,BAW BAW
3833,BAW BAW VILLAGE
3833,GENTLE ANNIE
3833,ICY CREEK
3833,LOCH VALLEY
3833,MT BAW BAW
3833,NOOJEE
3833,PIEDMONT
3833,TANJIL BREN
3833,TOORONGO
3833,VESPER
3835,THORPDALE
3840,DRIFFIELD
3840,HAZELWOOD
3840,HAZELWOOD NORTH
3840,HAZELWOOD SOUTH
3840,JEERALANG
3840,JEERALANG JUNCTION
3840,MARYVALE
3840,MID VALLEY
3840,MORWELL
3840,MORWELL EAST
3840,MORWELL UPPER
3841,GIPPSLAND MC
3842,CHURCHILL
3844,BLACKWARRY
3844,CALLIGNEE
3844,CALLIGNEE NORTH
3844,CALLIGNEE SOUTH
3844,CARRAJUNG
3844,CARRAJUNG LOWER
3844,CARRAJUNG SOUTH
3844,FLYNN
3844,FLYNNS CREEK
3844,KOORNALLA
3844,LOY YANG
3844,MOUNT TASSIE
3844,TRARALGON
3844,TRARALGON EAST
3844,TRARALGON SOUTH
3844,TYERS
3844,WILLUNG SOUTH
3847,HIAMDALE
3847,NAMBROK
3847,ROSEDALE
3847,WILLUNG
3847,WILLUNG SOUTH
3850,GIFFARD
3850,GUTHRIDGE
3850,SALE
3850,SALE NORTH
3850,WURRUK
3851,AIRLY
3851,BUNDALAGUAH
3851,CLYDEBANK
3851,COBAINS
3851,DARRIMAN
3851,DUTSON
3851,DUTSON DOWNS
3851,FLAMINGO BEACH
3851,FULHAM
3851,GIFFARD
3851,GIFFARD WEST
3851,GLOMAR BEACH
3851,GOLDEN BEACH
3851,KILMANY
3851,LAKE WELLINGTON
3851,LOCH SPORT
3851,LONGFORD
3851,MONTGOMERY
3851,MYRTLEBANK
3851,PARADISE BEACH
3851,PEARSONDALE
3851,SEACOMBE
3851,SEASPRAY
3851,SOMERTON PARK
3851,STRADBROKE
3851,THE HEART
3851,THE HONEYSUCKLES
3852,EAST SALE
3852,EAST SALE RAAF
3852,SALE EAST RAAF
3853,SALE
3854,GLENGARRY
3854,GLENGARRY NORTH
3854,GLENGARRY WEST
3856,TOONGABBIE
3857,COWWARR
3858,ARBUCKLE
3858,BILLABONG
3858,BURAGWONDUC
3858,CROOKAYAN
3858,DAWSON
3858,DENISON
3858,GILLUM
3858,GLEN FALLOCH
3858,GLENFALLOCH
3858,GLENMAGGIE
3858,HEYFIELD
3858,HOWITT PLAINS
3858,LICOLA
3858,LICOLA NORTH
3858,REYNARD
3858,SARGOOD
3858,SEATON
3858,TAMBORITHA
3858,WINNINDOO
3858,WORROWING
3858,YANGOURA
3859,MAFFRA WEST UPPER
3859,MEWBURN PARK
3859,NEWRY
3859,TINAMBA
3859,TINAMBA WEST
3860,BOISDALE
3860,BRIAGOLONG
3860,BUSHY PARK
3860,COONGULLA
3860,KOOROOL
3860,MAFFRA
3860,MONOMAK
3860,MOROKA
3860,NAP NAP MARRA
3860,NUNTIN
3860,RIVERSLEA
3860,TOOLOME
3860,VALENCIA CREEK
3860,WOOLENOOK
3860,WRATHUNG
3860,WRIXON
3862,BUDGEE BUDGEE
3862,CASTLEBURN
3862,COBBANNAH
3862,COWA
3862,CROOKED RIVER
3862,DARGO
3862,HAWKHURST
3862,HOLLANDS LANDING
3862,LLOWALONG
3862,MEERLIEU
3862,MIOWERA
3862,MOORNAPA
3862,MUNRO
3862,PERRY BRIDGE
3862,STOCKDALE
3862,STRATFORD
3862,WATERFORD
3862,WONGUNGARRA
3864,FERNBANK
3864,GLENALADALE
3864,THE FINGERBOARD
3865,LINDENOW
3869,JUMBUK
3869,YINNAR
3869,YINNAR SOUTH
3870,BOOLARRA
3870,BOOLARRA SOUTH
3870,BUDGEREE
3870,BUDGEREE EAST
3870,GRAND RIDGE
3870,JOHNSTONES HILL
3870,MIRBOO EAST
3871,ALLAMBEE RESERVE
3871,ALLAMBEE SOUTH
3871,BAROMI
3871,DARLIMURLA
3871,DELBURN
3871,DOLLAR
3871,LIMONITE
3871,MIRBOO
3871,MIRBOO NORTH
3871,TARWIN EAST
3873,GORMANDALE
3874,CARRAJUNG SOUTH
3874,CHERRILONG
3874,MCLOUGHLINS BEACH
3874,WOODSIDE
3874,WOODSIDE BEACH
3874,WOODSIDE NORTH
3875,BAIRNSDALE
3875,BANKSIA PENINSULA
3875,BENGWORDEN
3875,BROADLANDS
3875,BULLUMWAAL
3875,CALULU
3875,CLIFTON CREEK
3875,DEPTFORD
3875,EAST BAIRNSDALE
3875,EASTWOOD
3875,ELLASWOOD
3875,FAIRY DELL
3875,FLAGGY CREEK
3875,FORGE CREEK
3875,GOON NURE
3875,GRANITE ROCK
3875,HILLSIDE
3875,HOLLANDS LANDING
3875,IGUANA CREEK
3875,LINDENOW SOUTH
3875,LUCKNOW
3875,MARTHAVALE
3875,MELWOOD
3875,MERRIJIG
3875,MOUNT TAYLOR
3875,NEWLANDS ARM
3875,RYANS
3875,SARSFIELD
3875,TABBERABBERA
3875,WALPA
3875,WATERHOLES
3875,WENTWORTH
3875,WOODGLEN
3875,WUK WUK
3875,WY YUNG
3878,EAGLE POINT
3880,BOOLE POOLE
3880,OCEAN GRANGE
3880,PAYNESVILLE
3880,RAYMOND ISLAND
3882,NICHOLSON
3885,BRUMBY
3885,BRUTHEN
3885,BUCHAN
3885,BUCHAN SOUTH
3885,BUTCHERS RIDGE
3885,GELANTIPY
3885,MOSSIFACE
3885,MURRINDAL
3885,SUGGAN BUGGAN
3885,TAMBO UPPER
3885,TIMBARRA
3885,W TREE
3885,WISELEIGH
3885,WULGULMERANG
3885,WULGULMERANG EAST
3885,WULGULMERANG WEST
3885,YALMY
3886,NEWMERELLA
3887,LAKE TYERS
3887,NOWA NOWA
3887,WAIREWA
3888,BENDOC
3888,BETE BOLONG
3888,BETE BOLONG NORTH
3888,BONANG
3888,BRODRIBB RIVER
3888,CABANANDRA
3888,CAPE CONRAN
3888,CORRINGLE
3888,DEDDICK VALLEY
3888,DELEGATE RIVER
3888,DELEGATE RIVER EAST
3888,DELLICKNORA
3888,GOONGERAH
3888,HAYDENS BOG
3888,JARRAHMOND
3888,LOCHEND
3888,MARLO
3888,MARTINS CREEK
3888,NURRAN
3888,OMEO VALLEY
3888,ORBOST
3888,SIMPSONS CREEK
3888,TOSTAREE
3888,TUBBUT
3888,WAYGARA
3888,WOMBAT CREEK
3889,BELL BIRD CREEK
3889,BELLBIRD CREEK
3889,BEMM RIVER
3889,CABBAGE TREE CREEK
3889,CLUB TERRACE
3889,COMBIENBAR
3889,ERRINUNDRA
3889,MANORINA
3890,BULDAH
3890,CANN RIVER
3890,CHANDLERS CREEK
3890,NOORINBEE
3890,NOORINBEE NORTH
3890,TAMBOON
3890,TONGHI CREEK
3890,WEERAGUA
3891,GENOA
3891,GIPSY POINT
3891,MARAMINGO CREEK
3891,WALLAGARAUGH
3891,WANGARABELL
3891,WINGAN RIVER
3891,WROXHAM
3892,MALLACOOTA
3893,DOUBLE BRIDGES
3893,STIRLING
3893,TAMBO CROSSING
3895,DOCTORS FLAT
3895,ENSAY
3895,ENSAY NORTH
3895,REEDY CREEK
3895,REEDY FLAT
3896,BINDI
3896,BROOKVILLE
3896,NUNNIONG
3896,SWIFTS CREEK
3896,TONGIO
3898,ANGLERS REST
3898,BINGO
3898,BINGO MUNJIE
3898,BUNDARA
3898,CASSILIS
3898,COBUNGRA
3898,DINNER PLAIN
3898,GLEN VALLEY
3898,GLEN WILLS
3898,HINNOMUNJIE
3898,OMEO
3898,OMEO VALLEY
3898,SHANNONVALE
3900,BENAMBRA
3900,COBBERAS
3900,UPLANDS
3902,BUMBERRAH
3902,JOHNSONVILLE
3903,SWAN REACH
3904,METUNG
3909,KALIMNA
3909,KALIMNA WEST
3909,LAKE BUNGA
3909,LAKE TYERS BEACH
3909,LAKES ENTRANCE
3909,NUNGURNER
3909,NYERIMILANG
3909,TOORLOO ARM
3910,LANGWARRIN
3911,BAXTER
3911,LANGWARRIN SOUTH
3912,PEARCEDALE
3912,SOMERVILLE
3913,TYABB
3915,HASTINGS
3915,TUERONG
3916,MERRICKS
3916,POINT LEO
3916,SHOREHAM
3918,BITTERN
3919,CRIB POINT
3920,FLINDERS NAVAL DEPOT
3920,HMAS CERBERUS
3921,ELIZABETH ISLAND
3921,FRENCH ISLAND
3921,TANKERTON
3922,COWES
3922,SILVERLEAVES
3922,SMITHS BEACH
3922,SUMMERLANDS
3922,SUNDERLAND BAY
3922,SUNSET STRIP
3922,SURF BEACH
3922,VENTNOR
3922,WIMBLEDON HEIGHTS
3923,RHYLL
3925,CAPE WOOLAMAI
3925,CHURCHILL ISLAND
3925,NEWHAVEN
3925,SAN REMO
3926,BALNARRING
3926,BALNARRING BEACH
3926,MERRICKS BEACH
3926,MERRICKS NORTH
3927,SOMERS
3928,MAIN RIDGE
3929,FLINDERS
3930,KUNYUNG
3930,MOUNT ELIZA
3931,MORNINGTON
3933,MOOROODUC
3934,MOUNT MARTHA
3936,ARTHURS SEAT
3936,DROMANA
3936,SAFETY BEACH
3937,RED HILL
3937,RED HILL SOUTH
3938,MCCRAE
3939,BONEO
3939,CAPE SCHANCK
3939,FINGAL
3939,ROSEBUD
3939,ROSEBUD PLAZA
3940,CAPEL SOUND
3940,ROSEBUD WEST
3941,RYE
3941,ST ANDREWS BEACH
3941,TOOTGAROOK
3942,BLAIRGOWRIE
3943,SORRENTO
3944,PORTSEA
3945,BELLVIEW
3945,JEETHO
3945,KROWERA
3945,LOCH
3945,WOODLEIGH
3946,BENA
3950,KARDELLA SOUTH
3950,KORUMBURRA
3950,KORUMBURRA SOUTH
3950,STRZELECKI
3950,WHITELAW
3951,ARAWATA
3951,FAIRBANK
3951,JUMBUNNA
3951,KARDELLA
3951,KONGWAK
3951,MOYARRA
3951,OUTTRIM
3951,RANCEBY
3953,BERRYS CREEK
3953,BOOROOL
3953,HALLSTON
3953,KOOROOMAN
3953,LEONGATHA
3953,LEONGATHA NORTH
3953,LEONGATHA SOUTH
3953,MARDAN
3953,MOUNT ECCLES
3953,MOUNT ECCLES SOUTH
3953,NERRENA
3953,RUBY
3953,TRIDA
3953,WILD DOG VALLEY
3953,WOOREEN
3954,KOONWARRA
3956,DUMBALK
3956,DUMBALK NORTH
3956,MEENIYAN
3956,MIDDLE TARWIN
3956,MIRBOO SOUTH
3956,TARWIN
3956,TARWIN LOWER
3956,VENUS BAY
3956,WALKERVILLE
3956,WALKERVILLE NORTH
3956,WALKERVILLE SOUTH
3957,GRASSY SPUR
3957,STONY CREEK
3958,BUFFALO
3958,BUFFALO CREEK
3959,FISH CREEK
3959,HODDLE
3959,SANDY POINT
3959,WARATAH BAY
3959,WARATAH NORTH
3960,BENNISON
3960,BOOLARONG
3960,FOSTER
3960,FOSTER NORTH
3960,GUNYAH
3960,MOUNT BEST
3960,RUMBUG
3960,SHALLOW INLET
3960,TIDAL RIVER
3960,TURTONS CREEK
3960,WILSONS PROMONTORY
3960,WONGA
3960,WOORARRA WEST
3960,YANAKIE
3962,AGNES
3962,CHRISTIES
3962,GRAND RIDGE
3962,TOORA
3962,TOORA NORTH
3962,WONYIP
3962,WOORARRA
3962,WOORARRA EAST
3964,PORT FRANKLIN
3965,PORT WELSHPOOL
3966,BINGINWARRI
3966,HAZEL PARK
3966,WELSHPOOL
3967,HEDLEY
3971,ALBERTON
3971,ALBERTON WEST
3971,BALOOK
3971,BAROMI
3971,CALROSSIE
3971,DEVON NORTH
3971,GELLIONDALE
3971,HIAWATHA
3971,HUNTERSTON
3971,JACK RIVER
3971,LANGSBOROUGH
3971,MACKS CREEK
3971,MADALYA
3971,MANNS BEACH
3971,PORT ALBERT
3971,ROBERTSONS BEACH
3971,SNAKE ISLAND
3971,STACEYS BRIDGE
3971,TARRA VALLEY
3971,TARRAVILLE
3971,WON WRON
3971,YARRAM
3975,LYNBROOK
3975,LYNDHURST
3976,HAMPTON PARK
3977,BOTANIC RIDGE
3977,CANNONS CREEK
3977,CRANBOURNE
3977,CRANBOURNE EAST
3977,CRANBOURNE NORTH
3977,CRANBOURNE SOUTH
3977,CRANBOURNE WEST
3977,DEVON MEADOWS
3977,FIVE WAYS
3977,JUNCTION VILLAGE
3977,SANDHURST
3977,SKYE
3978,CARDINIA
3978,CLYDE
3978,CLYDE NORTH
3979,ALMURTA
3979,GLEN ALVIE
3979,KERNOT
3979,KORRINE
3980,BLIND BIGHT
3980,TOORADIN
3980,WARNEET
3981,BAYLES
3981,CATANI
3981,DALMORE
3981,HEATH HILL
3981,KOO WEE RUP
3981,KOO WEE RUP NORTH
3981,YANNATHAN
3984,ADAMS ESTATE
3984,CALDERMEADE
3984,CORINELLA
3984,CORONET BAY
3984,GRANTVILLE
3984,JAM JERRUP
3984,LANG LANG
3984,LANG LANG EAST
3984,MONOMEITH
3984,PIONEER BAY
3984,QUEENSFERRY
3984,TENBY POINT
3984,THE GURDIES
3987,NYORA
3988,MOUNTAIN VIEW
3988,POOWONG
3988,POOWONG EAST
3988,POOWONG NORTH
3989,ST HELIER
3990,GLEN FORBES
3991,BASS
3992,BLACKWOOD FOREST
3992,DALYSTON
3992,RYANSTON
3992,WEST CREEK
3995,ANDERSON
3995,ARCHIES CREEK
3995,CAPE PATERSON
3995,HARMERS HAVEN
3995,HICKSBOROUGH
3995,KILCUNDA
3995,LANCE CREEK
3995,NORTH WONTHAGGI
3995,POWLETT RIVER
3995,SOUTH DUDLEY
3995,ST CLAIR
3995,WATTLE BANK
3995,WONTHAGGI
3995,WOOLAMAI
3996,INVERLOCH
3996,POUND CREEK
8001,MELBOURNE
8002,EAST MELBOURNE
8003,COLLINS STREET EAST
8004,ST KILDA ROAD
8005,WORLD TRADE CENTRE
8006,ABECKETT STREET
8007,COLLINS STREET WEST
8008,ST KILDA ROAD CENTRAL
8009,FLINDERS LANE
8010,LAW COURTS
8011,LITTLE LONSDALE STREET
8012,DOCKLANDS
8045,MELBOURNE
8051,MELBOURNE
8066,MELBOURNE
8069,MELBOURNE
8070,MELBOURNE
8071,MELBOURNE
8102,MELBOURNE
8107,MELBOURNE
8111,MELBOURNE
8120,MELBOURNE
8205,MELBOURNE
8383,MELBOURNE
8438,SUNSHINE WEST
8511,SUNSHINE WEST
8785,DANDENONG
8785,DANDENONG SOUTH
9999,NORTH POLE
,
,
,
,
,
,
,
,
,
,
,
,
,
,
,
,
,
,
,
,
,
,
,
,
,
,
,
,
,
,
,
